id;login;password_hash;first_name;last_name;email;image_url;activated;lang_key;created_by;last_modified_by
1;system;$2a$10$mE.qmcV0mFU5NcKh73TZx.z4ueI/.bDWbj0T1BYyqP481kGGarKLG;System;System;system@localhost;;true;en;system;system
2;anonymoususer;$2a$10$j8S5d7Sr7.8VTOYNviDPOeWX8KcYILUVJBsYV83Y5NtECayypx9lO;Anonymous;User;anonymous@localhost;;true;en;system;system
3;admin;$2a$10$gSAhZrxMllrbgj/kkK9UceBPpChGWJA7SYIb1Mqo.n5aNLq1/oRrC;Administrator;Administrator;admin@localhost;;true;en;system;system
4;user;$2a$10$VEjxo0jq2YG9Rbk2HmX9S.k1uZBGYUHdUcid3g/vfiEl7lwWgOH/K;User;User;user@localhost;;true;en;system;system
5;Robert;$2a$10$VEjxo0jq2YG9Rbk2HmX9S.k1uZBGYUHdUcid3g/vfiEl7lwWgOH/K;Robert;Gruber;user1@localhost;;true;en;system;system
6;James;$2a$10$VEjxo0jq2YG9Rbk2HmX9S.k1uZBGYUHdUcid3g/vfiEl7lwWgOH/K;James;Lang;user2@localhost;;true;en;system;system
7;Patrick;$2a$10$VEjxo0jq2YG9Rbk2HmX9S.k1uZBGYUHdUcid3g/vfiEl7lwWgOH/K;Patrick;Madsen;user3@localhost;;true;en;system;system
8;Student;$2a$10$VEjxo0jq2YG9Rbk2HmX9S.k1uZBGYUHdUcid3g/vfiEl7lwWgOH/K;Student;Student;user4@localhost;;true;en;system;system
9;Sam;$2a$10$VEjxo0jq2YG9Rbk2HmX9S.k1uZBGYUHdUcid3g/vfiEl7lwWgOH/K;Sam;Garcia;user5@localhost;;true;en;system;system
10;Daniela;$2a$10$VEjxo0jq2YG9Rbk2HmX9S.k1uZBGYUHdUcid3g/vfiEl7lwWgOH/K;Daniela;Fisher;user6@localhost;;true;en;system;system
11;Alice;$2a$10$VEjxo0jq2YG9Rbk2HmX9S.k1uZBGYUHdUcid3g/vfiEl7lwWgOH/K;Alice;Rossi;user7@localhost;;true;en;system;system
12;Maggie;$2a$10$VEjxo0jq2YG9Rbk2HmX9S.k1uZBGYUHdUcid3g/vfiEl7lwWgOH/K;Maggie;Becker;user8@localhost;;true;en;system;system