id;name;surname;birth_date;date_created;date_modified;date_deleted
1;Bedfordshire indigo radical;GB whiteboard;2021-03-24T09:22:28;2021-03-24T11:58:48;2021-03-24T23:51:35;2021-03-25T00:49:41
2;Configuration client-server;Frozen Bedfordshire;2021-03-24T15:44:30;2021-03-25T03:13:52;2021-03-24T21:54:41;2021-03-24T12:49:40
3;Orchestrator;cross-platform connect Refined;2021-03-24T14:48:12;2021-03-24T20:55:55;2021-03-25T04:59:45;2021-03-25T08:17:49
4;Bedfordshire Administrator Incredible;Iowa invoice New Hampshire;2021-03-24T13:09:31;2021-03-25T00:52:17;2021-03-25T07:59:29;2021-03-24T14:34:26
5;multi-byte open-source;even-keeled;2021-03-24T18:24:30;2021-03-25T00:55:54;2021-03-25T07:55:48;2021-03-25T06:32:43
6;SMS leading edge generate;Refined Handcrafted Fresh Chair Iran;2021-03-24T10:20:49;2021-03-24T18:31:04;2021-03-24T19:36:47;2021-03-24T10:24:43
7;quantify Electronics invoice;Soft;2021-03-24T13:45:42;2021-03-24T17:25:22;2021-03-24T15:14:11;2021-03-24T23:54:20
8;Glens;wireless dedicated Sports;2021-03-24T17:39:17;2021-03-24T14:58:52;2021-03-25T03:08:22;2021-03-24T11:07:32
9;models Developer Automotive;Marketing Savings Account Pre-emptive;2021-03-24T21:30:30;2021-03-24T13:12:40;2021-03-24T21:16:11;2021-03-24T23:16:10
10;Streets Kentucky collaborative;Pizza Bedfordshire;2021-03-25T04:45:39;2021-03-25T06:06:24;2021-03-25T04:45:59;2021-03-25T05:37:13
