id;name;surname;birth_date;subject;degree;date_created;date_modified;date_deleted
1;Music relationships;Sleek Cotton Chips Wooden Lead;2021-03-24T16:58:26;Luxembourg;Mandatory;2021-03-24T12:59:33;2021-03-24T23:47:55;2021-03-25T01:18:22
2;Practical Metal Salad;Infrastructure;2021-03-25T00:09:30;Indiana;compressing;2021-03-24T23:22:43;2021-03-24T18:22:52;2021-03-25T02:19:43
3;Plastic Division;drive bypassing;2021-03-25T07:35:15;synergies;generating Savings Account;2021-03-24T12:08:46;2021-03-24T17:46:06;2021-03-24T12:38:27
4;innovate synthesizing Salad;Views North Dakota supply-chains;2021-03-25T01:29:22;Total tan;Direct help-desk Investment Account;2021-03-25T06:18:26;2021-03-25T07:02:09;2021-03-25T07:33:07
5;synergize Towels;Optional Bike;2021-03-24T16:59:28;Communications;maximized Central;2021-03-25T02:20:58;2021-03-24T20:18:55;2021-03-25T00:14:26
6;Executive;e-enable Orchard;2021-03-24T14:41:02;Row;Fresh Business-focused;2021-03-25T06:25:02;2021-03-25T01:56:09;2021-03-25T06:46:54
7;port paradigms Uzbekistan;incremental Group;2021-03-25T07:51:47;metrics Fresh;connect Oregon;2021-03-24T21:34:45;2021-03-24T18:34:06;2021-03-25T01:02:01
8;withdrawal Money Market Account virtual;frictionless;2021-03-24T23:02:41;Extended;Shoes;2021-03-24T23:51:24;2021-03-24T14:17:42;2021-03-25T06:03:17
9;out-of-the-box Internal Rwanda Franc;Assimilated Serbia Frozen;2021-03-24T10:26:57;copying;matrix Oklahoma Iceland Krona;2021-03-25T08:16:01;2021-03-25T05:00:38;2021-03-24T12:09:56
10;vortals;initiative;2021-03-25T07:06:06;Maine complexity;local Web Moldovan Leu;2021-03-25T04:12:21;2021-03-24T20:58:27;2021-03-25T00:43:43
